[
  {
    "conc": 1,
    "qps": 100.0,
    "cpu": 84.94751570942796,
    "avg_bandwidth_mb_s": 0.13156103515625,
    "read_mb": 0.899326171875,
    "write_mb": 0.4162841796875,
    "elapsed": 16.43385076522827,
    "ef": 64,
    "recall": 0.6875
  },
  {
    "conc": 1,
    "qps": 100.0,
    "cpu": 78.7937039665708,
    "avg_bandwidth_mb_s": 0.129345703125,
    "read_mb": 0.8988623046875,
    "write_mb": 0.3945947265625,
    "elapsed": 13.322689533233643,
    "ef": 64,
    "recall": 0.6875
  },
  {
    "conc": 1,
    "qps": 100.0,
    "cpu": 72.36528002308462,
    "avg_bandwidth_mb_s": 0.1294833984375,
    "read_mb": 0.9004150390625,
    "write_mb": 0.3944189453125,
    "elapsed": 12.169530153274536,
    "ef": 64,
    "recall": 0.6875
  },
  {
    "conc": 1,
    "qps": 100.0,
    "cpu": 77.27315868635259,
    "avg_bandwidth_mb_s": 0.1292353515625,
    "read_mb": 0.8980957031250001,
    "write_mb": 0.3942578125,
    "elapsed": 11.877710819244385,
    "ef": 64,
    "recall": 0.6875
  }
]